0.493035,0.478779,0.462295,0.427173,0.393766,0.343399,0.305971,0.270873,0.242342,0.222678,0.210607,0.202462,0.199292,0.197171,0.197852,0.197064,0.198049,0.198363,0.198968,0.198832,0.199453,0.198665,0.199408,0.200367,0.203129,0.206337,0.211137,0.21681,0.222419,0.227286,0.231247,0.233759,0.235606,0.236916,0.237271,0.237736,0.238289,0.238571,0.239708,0.241244,0.243558,0.24504,0.247016,0.249443,0.253552,0.259006,0.266358,0.275566,0.286175,0.298462,0.311875,0.326014,0.341373,0.356132,0.370457,0.3852,0.399175,0.410985,0.422333,0.432179,0.440347,0.446633,0.452088,0.457216,0.460809,0.463954,0.467212,0.469999,0.472744,0.47519,0.477738,0.478885,0.479611,0.479515,0.479049,0.478136,0.475862,0.472748,0.469464,0.466723,0.463554,0.460726,0.458366,0.456109,0.454192,0.452379,0.450738,0.449995,0.448869,0.447883,0.446712,0.445007,0.442726,0.439954,0.437069,0.433351,0.430392,0.428131,0.42623,0.425902,0.425605,0.425849,0.424688,0.420724,0.413516,0.403428,0.391245,0.378755,0.367321,0.359705,0.355594,0.352136,0.346627,0.337803,0.327092,0.315808,0.306221,0.299726,0.297213,0.299094,0.304842,0.31891,0.343695,0.380259,0.424526,0.469115,0.509342,0.542726,0.570338,0.591624,0.608808,0.622886,0.635548,0.646302,0.656113,0.665452,0.673978,0.682125,0.689607,0.696514,0.702173,0.707414,0.711445,0.716056,0.719641,0.723269,0.726165,0.728752,0.731097,0.732245,0.733816,0.734817,0.73586,0.738122,0.739181,0.739519,0.741106,0.741953,0.742824,0.743827,0.745601,0.746278,0.7473,0.749603,0.750185,0.752016,0.752486,0.754339,0.754785,0.755826,0.756693,0.758259,0.75807,0.759144,0.760485,0.76091,0.760909,0.760074,0.76059,0.759831,0.760118,0.758727,0.759305,0.759534,0.760714,0.760328,0.760565,0.761183,0.762017,0.761759,0.761535,0.761938,0.762195,0.761418,0.763238,0.762003,0.762063,0.762655,0.762225,0.763316,0.76291,0.763041,0.762753,0.76117,0.761105,0.76111,0.76006,0.760858,0.759896,0.759464,0.758387,0.758648,0.75763,0.756837,0.755109,0.753133,0.751294,0.747755,0.744372,0.739582,0.734806,0.730717,0.724263,0.717395,0.709902,0.704074,0.695377,0.686681,0.67961,0.673412,0.670491,0.669703,0.667752,0.670266,0.665574,0.667744,0.667405,0.670166,0.668722,0.667901,0.670373,0.673432,0.675066,0.677924,0.682559,0.687118,0.687392,0.695766,0.69791,0.701899,0.705095,0.707914,0.709877,0.709747,0.71168,0.711182
0.475352,0.460469,0.441008,0.414091,0.372488,0.332406,0.292054,0.251356,0.227799,0.207106,0.196973,0.188972,0.186273,0.185782,0.188515,0.190137,0.192431,0.195058,0.197928,0.200647,0.202142,0.204076,0.205545,0.207483,0.211562,0.215831,0.222079,0.22866,0.236013,0.242231,0.248154,0.252271,0.255236,0.257103,0.259422,0.260617,0.262269,0.263024,0.265025,0.266759,0.269096,0.27119,0.273866,0.276583,0.280889,0.286697,0.293922,0.302579,0.313262,0.32434,0.33698,0.349744,0.363311,0.376357,0.389693,0.401809,0.413932,0.424702,0.43468,0.443084,0.450668,0.457136,0.462569,0.467595,0.470783,0.474634,0.477436,0.480564,0.483655,0.486406,0.488787,0.490441,0.491726,0.492305,0.492603,0.492542,0.491748,0.490311,0.488194,0.48616,0.484269,0.482431,0.480544,0.479513,0.478093,0.47721,0.476414,0.476352,0.475943,0.475686,0.474919,0.473297,0.471878,0.469213,0.46645,0.462896,0.460056,0.457845,0.456407,0.455644,0.455511,0.455643,0.455451,0.453285,0.447996,0.441384,0.432522,0.422718,0.41296,0.40573,0.400707,0.396386,0.389865,0.379392,0.366653,0.353294,0.341384,0.332504,0.327378,0.326407,0.329451,0.339856,0.360284,0.391876,0.430333,0.469984,0.505909,0.536455,0.561637,0.581927,0.597899,0.611659,0.623619,0.633997,0.643651,0.652379,0.660751,0.668854,0.676108,0.682906,0.68871,0.693772,0.698135,0.702113,0.706005,0.709719,0.712556,0.715739,0.718311,0.719958,0.721629,0.72317,0.724898,0.726309,0.727729,0.72931,0.730849,0.731227,0.732198,0.733869,0.735112,0.736315,0.737614,0.739013,0.740034,0.741698,0.742324,0.743209,0.744238,0.746044,0.74717,0.7473,0.748168,0.748972,0.749442,0.750533,0.750243,0.750925,0.749507,0.749042,0.748337,0.748946,0.748709,0.749228,0.748967,0.74978,0.74996,0.750414,0.750095,0.750953,0.751265,0.750785,0.751113,0.751231,0.750992,0.751078,0.751158,0.751547,0.752042,0.751867,0.751057,0.751089,0.750125,0.750351,0.749494,0.750542,0.749403,0.748776,0.748043,0.747714,0.747028,0.746018,0.745803,0.744701,0.742308,0.740349,0.73846,0.734844,0.731893,0.727257,0.723242,0.718356,0.713802,0.705106,0.697414,0.691438,0.682579,0.673703,0.665398,0.661784,0.656757,0.654648,0.653504,0.651293,0.651551,0.651035,0.649123,0.649595,0.650646,0.650391,0.652846,0.65458,0.657433,0.659332,0.662757,0.667399,0.668991,0.675757,0.679613,0.681838,0.682939,0.68372,0.686188,0.686422,0.68695,0.686999
0.673099,0.63602,0.611136,0.551468,0.493213,0.418515,0.359062,0.309645,0.274269,0.24767,0.232874,0.222778,0.219667,0.216552,0.219262,0.220868,0.223219,0.22598,0.228362,0.232018,0.23615,0.239203,0.242977,0.24566,0.251307,0.25506,0.259086,0.263429,0.268486,0.272416,0.276487,0.280953,0.284024,0.287541,0.291063,0.294318,0.297074,0.299818,0.301786,0.303901,0.306508,0.308714,0.31131,0.31509,0.319058,0.324546,0.330583,0.337084,0.343934,0.350825,0.358657,0.365863,0.372953,0.38,0.386288,0.392215,0.397844,0.402654,0.407593,0.41176,0.415713,0.419408,0.423462,0.427216,0.430366,0.433847,0.437154,0.440487,0.443704,0.446879,0.4496,0.451852,0.454516,0.457239,0.459789,0.462684,0.465089,0.466989,0.469389,0.471291,0.473236,0.474888,0.476242,0.478078,0.479716,0.48133,0.4828,0.484915,0.486088,0.487702,0.48892,0.489676,0.490884,0.491453,0.491602,0.492039,0.492366,0.493005,0.494013,0.494998,0.495912,0.497115,0.498168,0.498426,0.497656,0.496034,0.493482,0.490703,0.488009,0.486208,0.485216,0.484502,0.482251,0.478209,0.473165,0.468235,0.463236,0.459866,0.45899,0.460057,0.464201,0.4726,0.486664,0.505312,0.523666,0.540505,0.554201,0.565544,0.575649,0.584424,0.59213,0.599829,0.607127,0.614679,0.621179,0.627632,0.633352,0.639126,0.644553,0.649155,0.654197,0.657573,0.661624,0.664586,0.667632,0.671204,0.673228,0.676229,0.679706,0.680622,0.682846,0.685055,0.686623,0.687494,0.689077,0.690988,0.69221,0.693945,0.695094,0.696064,0.697583,0.699144,0.70056,0.702404,0.703917,0.705494,0.706681,0.707999,0.709069,0.71003,0.711206,0.712024,0.712751,0.713389,0.715086,0.715223,0.716633,0.715658,0.7157,0.715939,0.716731,0.716317,0.717279,0.717694,0.718185,0.719366,0.719488,0.719583,0.721298,0.721986,0.721814,0.723697,0.722982,0.723164,0.723708,0.724615,0.724403,0.725187,0.724796,0.725743,0.726381,0.725693,0.726942,0.725765,0.726018,0.725932,0.725462,0.727242,0.726627,0.727131,0.727903,0.728871,0.728646,0.72782,0.728069,0.725977,0.724288,0.723063,0.721477,0.719924,0.717797,0.715926,0.712002,0.7102,0.70781,0.703836,0.700039,0.695712,0.690779,0.686175,0.686067,0.682796,0.684078,0.684238,0.687326,0.689784,0.692042,0.694582,0.696658,0.698489,0.702588,0.706998,0.711809,0.719593,0.728227,0.734136,0.740093,0.749422,0.752735,0.759816,0.762885,0.763323,0.776126,0.778083,0.783204,0.796839
0.472925,0.455256,0.444363,0.409938,0.369732,0.329626,0.285448,0.250552,0.22093,0.199189,0.183875,0.170984,0.164452,0.159334,0.155567,0.152248,0.150555,0.148056,0.147025,0.145858,0.144634,0.143457,0.142578,0.141658,0.142977,0.143572,0.145056,0.147344,0.149016,0.151744,0.153653,0.155154,0.156014,0.15643,0.156721,0.156974,0.157218,0.157236,0.157559,0.158644,0.159775,0.160494,0.16169,0.163198,0.164782,0.167484,0.171241,0.175583,0.181936,0.188679,0.196392,0.205211,0.214757,0.225309,0.235629,0.246656,0.257532,0.267825,0.277892,0.287243,0.295068,0.302002,0.307964,0.312915,0.316885,0.320488,0.323581,0.326589,0.32957,0.332497,0.335208,0.337287,0.33852,0.339114,0.33882,0.33772,0.335952,0.333076,0.329858,0.32677,0.323741,0.321139,0.318711,0.317087,0.315097,0.313612,0.312123,0.311624,0.310754,0.310326,0.309357,0.307956,0.305928,0.303549,0.300524,0.297442,0.294522,0.29206,0.290375,0.289884,0.289388,0.289526,0.289091,0.28658,0.281607,0.2744,0.265426,0.256262,0.247555,0.241002,0.237189,0.234157,0.229645,0.223152,0.214935,0.206706,0.19948,0.194588,0.192233,0.192015,0.194899,0.201029,0.214111,0.235506,0.264678,0.300722,0.338667,0.37571,0.409763,0.439292,0.464565,0.485601,0.504218,0.52107,0.53658,0.551194,0.564971,0.57718,0.589179,0.599704,0.60917,0.617218,0.623903,0.630205,0.635562,0.640986,0.64548,0.649343,0.652482,0.65529,0.657844,0.659469,0.661626,0.663064,0.665098,0.666737,0.66837,0.669603,0.671478,0.672944,0.674879,0.676831,0.677526,0.679196,0.681273,0.682934,0.685076,0.685972,0.687701,0.688525,0.690425,0.69125,0.692493,0.693492,0.694279,0.694556,0.69565,0.695586,0.696005,0.696114,0.696034,0.696049,0.696792,0.696177,0.697656,0.698035,0.698799,0.699366,0.700233,0.700282,0.701221,0.701398,0.70278,0.702405,0.702807,0.702951,0.70373,0.70455,0.705042,0.702824,0.705103,0.705751,0.705424,0.704013,0.704444,0.704745,0.704748,0.704238,0.704844,0.705309,0.704486,0.703218,0.704356,0.703368,0.70176,0.699583,0.698152,0.694296,0.690144,0.686151,0.68263,0.678049,0.671508,0.665965,0.659558,0.652119,0.642727,0.635728,0.62692,0.621942,0.618914,0.616557,0.615643,0.615141,0.612506,0.61432,0.613953,0.615743,0.614373,0.617725,0.619358,0.622089,0.626062,0.629005,0.635478,0.639674,0.644377,0.650562,0.654299,0.658181,0.662325,0.665663,0.669325,0.669924,0.671733,0.6782
0.545572,0.527229,0.506286,0.464862,0.422142,0.369254,0.318879,0.276631,0.246116,0.218938,0.206181,0.193289,0.187584,0.183259,0.182099,0.180939,0.18064,0.179472,0.180032,0.179732,0.18036,0.179745,0.179998,0.180195,0.182856,0.185012,0.188798,0.193836,0.199489,0.204154,0.209104,0.212594,0.215396,0.216691,0.217907,0.219183,0.219811,0.221104,0.22218,0.223557,0.225522,0.22738,0.22966,0.232451,0.236041,0.241374,0.247644,0.255447,0.264544,0.275561,0.287108,0.299603,0.31272,0.32582,0.338743,0.351215,0.363449,0.374839,0.384978,0.394165,0.401977,0.409091,0.415064,0.420076,0.424508,0.428629,0.432348,0.435883,0.439357,0.442089,0.445227,0.447994,0.449449,0.451159,0.451727,0.452428,0.451938,0.450557,0.44896,0.447587,0.44577,0.443808,0.442315,0.441244,0.440138,0.439043,0.438165,0.438005,0.438129,0.437947,0.437422,0.436104,0.434451,0.432305,0.429198,0.4258,0.422497,0.420188,0.418373,0.417592,0.417225,0.417955,0.417473,0.415359,0.410577,0.402815,0.393389,0.382602,0.372132,0.363247,0.357836,0.353364,0.346979,0.337267,0.324648,0.311166,0.299366,0.29015,0.284885,0.28415,0.287395,0.297235,0.316974,0.348129,0.388418,0.431936,0.473698,0.509485,0.53946,0.563316,0.582481,0.598161,0.611271,0.62308,0.633904,0.643362,0.652739,0.661113,0.668663,0.675793,0.681509,0.686683,0.691329,0.695513,0.699364,0.70282,0.70611,0.708715,0.710496,0.712345,0.713968,0.715598,0.716825,0.718855,0.719414,0.720732,0.722026,0.722733,0.723883,0.72502,0.726249,0.7277,0.72937,0.73051,0.732486,0.732449,0.733787,0.736487,0.736898,0.738419,0.7396,0.740865,0.741345,0.742062,0.742158,0.742849,0.742935,0.743211,0.743021,0.743069,0.741632,0.742421,0.742286,0.742591,0.743091,0.743072,0.743483,0.743623,0.743669,0.744973,0.745623,0.74655,0.745798,0.747144,0.746688,0.747637,0.74637,0.74685,0.746428,0.747324,0.74696,0.74675,0.746458,0.745911,0.745986,0.74433,0.743984,0.74449,0.744105,0.743871,0.742891,0.743579,0.742642,0.741384,0.739986,0.738491,0.736465,0.733773,0.730915,0.726609,0.722305,0.71804,0.711226,0.706828,0.702102,0.695566,0.687714,0.678039,0.67272,0.667829,0.663142,0.661241,0.659773,0.657978,0.657284,0.655845,0.65693,0.65764,0.658046,0.661081,0.662893,0.666085,0.667857,0.671345,0.679803,0.683579,0.685131,0.693364,0.696699,0.700235,0.70343,0.707595,0.712176,0.717183,0.716482,0.722943
0.466107,0.44667,0.435622,0.40562,0.375491,0.344317,0.308022,0.271369,0.245836,0.223174,0.21163,0.202651,0.199245,0.197066,0.196871,0.196002,0.196045,0.196563,0.196608,0.197315,0.198529,0.198945,0.199129,0.200074,0.203253,0.207014,0.211361,0.217016,0.223135,0.228536,0.233079,0.236256,0.238748,0.240896,0.242155,0.243538,0.244704,0.245074,0.247174,0.249233,0.251236,0.253407,0.255369,0.258177,0.261468,0.26704,0.273562,0.281395,0.291296,0.301925,0.313619,0.325907,0.339201,0.35198,0.365028,0.377565,0.389745,0.400696,0.410648,0.419818,0.427194,0.433941,0.439773,0.445162,0.449117,0.452855,0.456277,0.459839,0.463521,0.466499,0.469868,0.471715,0.473388,0.474324,0.474671,0.475212,0.47506,0.473279,0.471574,0.46932,0.467642,0.466063,0.464649,0.463618,0.462559,0.461546,0.460971,0.460856,0.461373,0.461063,0.46002,0.45868,0.457307,0.454678,0.451781,0.448515,0.445734,0.443368,0.442159,0.441738,0.441697,0.442194,0.441615,0.439251,0.434275,0.426722,0.417143,0.406738,0.396273,0.388968,0.384046,0.379567,0.373274,0.363094,0.350492,0.337645,0.326017,0.317817,0.313565,0.313194,0.316923,0.327649,0.348935,0.381652,0.422525,0.465272,0.504367,0.537806,0.565072,0.587817,0.604592,0.618795,0.631246,0.641838,0.651738,0.660704,0.669038,0.676866,0.683436,0.689387,0.695707,0.700397,0.704772,0.708988,0.711923,0.715614,0.717656,0.720546,0.723037,0.72431,0.725261,0.727063,0.728753,0.729602,0.731109,0.732556,0.733563,0.734101,0.735181,0.736539,0.737686,0.73922,0.739841,0.741924,0.742663,0.744443,0.745139,0.746452,0.747195,0.748671,0.750513,0.750443,0.751298,0.751807,0.752872,0.753176,0.75358,0.75276,0.752739,0.752202,0.752706,0.751475,0.751513,0.751336,0.752545,0.752993,0.753387,0.752971,0.753547,0.753486,0.753112,0.752726,0.753227,0.753773,0.754505,0.753248,0.753613,0.754824,0.754346,0.754004,0.75432,0.752694,0.753586,0.751536,0.75137,0.751989,0.751438,0.749865,0.749945,0.748825,0.747615,0.747859,0.746876,0.74598,0.743381,0.741739,0.738994,0.73564,0.732494,0.727742,0.72341,0.718161,0.713178,0.707145,0.698746,0.692769,0.683723,0.676098,0.666606,0.661573,0.657906,0.657291,0.655169,0.654849,0.652983,0.651662,0.650373,0.649871,0.653349,0.6522,0.65316,0.654592,0.657042,0.658736,0.662554,0.666812,0.671145,0.674408,0.676671,0.677264,0.675884,0.679059,0.683825,0.683414,0.680803,0.684094
0.602717,0.572613667,0.551249,0.508816333,0.460389667,0.404289333,0.34885,0.303342333,0.268293667,0.241897333,0.225431333,0.213691333,0.206879333,0.203428333,0.202086,0.201364667,0.20104,0.201270667,0.202130333,0.203192333,0.204642333,0.205286,0.206814333,0.208436667,0.211820333,0.21485,0.218370333,0.222686,0.227158,0.231193667,0.234811,0.238152667,0.240418333,0.242801,0.244853333,0.246678,0.248294,0.249699667,0.251105667,0.252431333,0.254506333,0.25594,0.257967333,0.26077,0.264404667,0.269405667,0.275575667,0.282596667,0.290599667,0.299443667,0.308930667,0.318952,0.328981,0.338793667,0.348413,0.357397667,0.365942667,0.373771667,0.380684333,0.387228667,0.392387333,0.397065,0.401481667,0.405229,0.408462,0.411550667,0.414426667,0.417337333,0.419959333,0.422331,0.42461,0.426542,0.427944,0.429097,0.430162333,0.430794,0.430891,0.430731667,0.430253333,0.429993,0.429501333,0.428977333,0.428525,0.428439667,0.428392333,0.428229333,0.427948333,0.428501333,0.428697667,0.428767,0.428565,0.427955333,0.427262,0.426185333,0.42471,0.423299,0.421821,0.420907,0.420382,0.420454,0.420764333,0.421396,0.421356667,0.419748333,0.416244667,0.410981333,0.404462333,0.397034,0.390352,0.385339667,0.382292333,0.380078,0.376136,0.370159667,0.362441,0.353957333,0.346556667,0.341204,0.338569333,0.339050333,0.342908333,0.352223,0.369728,0.395044333,0.424716333,0.454122,0.480321333,0.501920667,0.520160333,0.534963,0.547742333,0.559114667,0.569266333,0.578927333,0.588340333,0.596867667,0.604786333,0.612723667,0.619631,0.626406333,0.632271,0.637212,0.642034667,0.646530333,0.650575333,0.654724,0.658310667,0.661274333,0.664347333,0.666527,0.668715667,0.670743667,0.672803333,0.674581333,0.676077667,0.678008333,0.679470333,0.680941333,0.682163,0.683603667,0.685351667,0.686749333,0.688493333,0.689968667,0.691666667,0.693175,0.694093333,0.695870667,0.696818333,0.697883667,0.699437333,0.700262333,0.700657667,0.701821333,0.702251,0.703035667,0.703926,0.703440333,0.703476667,0.703487,0.703310667,0.703708667,0.704359,0.704622333,0.704776667,0.706005,0.706238667,0.706585333,0.70719,0.707929333,0.70832,0.709041,0.708783333,0.709442667,0.70999,0.710259333,0.710071333,0.710872667,0.710450667,0.711654333,0.712018667,0.711801333,0.711781333,0.711170333,0.711003,0.711332333,0.710930333,0.711415,0.710706667,0.711144,0.711355667,0.712238333,0.71201,0.710764,0.709914667,0.708553667,0.707033333,0.704917,0.702543667,0.699880333,0.696074667,0.693140333,0.68814,0.684302,0.679518667,0.674623333,0.668363333,0.661369667,0.656212667,0.651934667,0.649959,0.648654333,0.64826,0.647648,0.648861667,0.649028333,0.649817667,0.652760333,0.653748667,0.656744667,0.659122667,0.662452,0.666525,0.670965667,0.678718,0.682925667,0.688377333,0.695384333,0.700007667,0.705279333,0.706582333,0.711288333,0.716282333,0.718864667,0.723124333,0.730896667
0.553936667,0.531760667,0.514848333,0.476162,0.433924,0.383551,0.330596,0.288558,0.254898333,0.230376,0.212273667,0.204086667,0.197868333,0.196871667,0.196100333,0.196867,0.197401333,0.199278333,0.200670667,0.202234333,0.203314667,0.204781,0.206882667,0.208544667,0.211628,0.215748333,0.220689333,0.226528,0.232536,0.238175667,0.242659333,0.246424667,0.248895667,0.251315,0.252823667,0.254457667,0.255935333,0.257231667,0.258924,0.260746333,0.263193333,0.265108667,0.267414333,0.270255,0.274327333,0.279898667,0.286733667,0.294951667,0.304351667,0.315046,0.326436667,0.338409667,0.350644667,0.362763333,0.374325333,0.385577,0.396267667,0.405695,0.414349667,0.422118333,0.428221667,0.433442333,0.438334333,0.442482,0.445695,0.448852333,0.451636,0.454665333,0.457229333,0.459313667,0.461627333,0.46314,0.463963667,0.464487667,0.464842,0.465028333,0.464269,0.462981667,0.461501333,0.460070333,0.458488667,0.457103333,0.455777333,0.454796667,0.453858333,0.452951667,0.452192667,0.45209,0.452071,0.451857667,0.450896,0.449751333,0.448408333,0.446431,0.44408,0.441398667,0.439087333,0.437248,0.436071333,0.435565667,0.435503333,0.435911,0.435466,0.433177333,0.42872,0.422284,0.414215667,0.405386667,0.397050667,0.391129,0.387402,0.383701667,0.377963667,0.369355667,0.358459667,0.347193333,0.337173667,0.329805333,0.326031667,0.325879333,0.329446,0.339969667,0.359780333,0.389280333,0.424743,0.459807667,0.491048667,0.517160333,0.538461333,0.555803,0.569924,0.582102,0.59305,0.602983,0.612418333,0.621012333,0.629184667,0.637078,0.644408333,0.651319333,0.657298667,0.662855333,0.667051,0.671656333,0.675745333,0.679773,0.683283333,0.686580667,0.689413,0.691332333,0.693590667,0.69554,0.697573667,0.699323,0.701048667,0.702762,0.704129333,0.705674,0.706496667,0.708474667,0.709869,0.711201,0.712402,0.714397333,0.715343667,0.716991333,0.718120333,0.719522667,0.720620667,0.721822667,0.723492667,0.724278,0.724693667,0.725763,0.727286333,0.727475,0.727889,0.727926667,0.727995,0.728026333,0.728144333,0.727633333,0.728005667,0.728390333,0.729422,0.729656333,0.730121,0.730465,0.73112,0.731337667,0.731663667,0.731837667,0.73207,0.732162667,0.732809667,0.732760667,0.733366,0.733996,0.734677,0.73513,0.735586333,0.735236667,0.735513333,0.734542667,0.734801333,0.734970333,0.73481,0.734690333,0.734754,0.734298667,0.733342,0.733757333,0.734000667,0.732799,0.731085667,0.730376667,0.728055333,0.724867333,0.722793667,0.718070667,0.713366333,0.710568333,0.705343667,0.698878333,0.692580667,0.686127333,0.678672333,0.670642667,0.664446,0.659261,0.657215667,0.656166,0.654882,0.655969,0.653367667,0.653604667,0.653237333,0.655332667,0.656122,0.657200333,0.658163,0.660404667,0.661958,0.665515333,0.668607333,0.673477667,0.67499,0.680969667,0.684777333,0.687172,0.690163333,0.692272333,0.695062667,0.69504,0.694356667,0.697099
0.548685333,0.518738667,0.507191667,0.463890667,0.421674667,0.367344333,0.315334333,0.268427667,0.233595,0.206159,0.189302333,0.175719667,0.168375333,0.162866333,0.160482667,0.158775667,0.157052667,0.156379667,0.156376667,0.156277667,0.156731667,0.156702333,0.157675,0.158264,0.160683667,0.162881667,0.166198,0.170048333,0.174042,0.177482,0.180832333,0.183580333,0.185839333,0.187740667,0.189385333,0.191098667,0.192398,0.193659667,0.19509,0.196901,0.198697333,0.200591,0.202538,0.205009667,0.208445,0.213288333,0.219304333,0.226479,0.235131667,0.244385667,0.254374333,0.265083333,0.27625,0.287093,0.298036,0.308369667,0.318599333,0.327578667,0.336087,0.343862667,0.350223333,0.356022,0.361168,0.365534667,0.369365333,0.373008,0.376305333,0.379861667,0.383023333,0.385941,0.388833667,0.391093333,0.392755667,0.394013333,0.394896,0.395619333,0.395650333,0.395052333,0.394474667,0.393587,0.392885333,0.392215667,0.391655,0.391359333,0.390855333,0.390667667,0.390544333,0.39095,0.391167667,0.391417667,0.391106333,0.390675,0.389987,0.388567,0.386864,0.384876333,0.38332,0.382029333,0.381332333,0.381444,0.381737333,0.382220667,0.382060333,0.379861667,0.375357,0.368864,0.360583333,0.351760667,0.343515,0.337931667,0.334632667,0.331835333,0.327569667,0.320336333,0.311099333,0.301326667,0.292577,0.286423,0.283363333,0.283457333,0.286981333,0.296668333,0.315370667,0.343331333,0.377408333,0.412413,0.443971,0.471168333,0.493569333,0.511807667,0.526359,0.538843667,0.549766,0.559776333,0.568750667,0.577096667,0.584692333,0.592211667,0.598758333,0.604506333,0.610116333,0.614584667,0.618992,0.622668667,0.626438,0.629876667,0.632792667,0.635567333,0.638120667,0.639976,0.641753,0.643381333,0.645205667,0.646938333,0.648528333,0.650043667,0.651154667,0.652382667,0.653896333,0.655177333,0.656999,0.658385,0.659748667,0.661379333,0.662705,0.664165,0.665244,0.666548333,0.667752333,0.669453,0.670581333,0.671552667,0.672502667,0.673527667,0.674227667,0.674785333,0.675343333,0.675129333,0.674541333,0.674633333,0.674939333,0.674972667,0.675060333,0.675042667,0.676279,0.676634333,0.677260333,0.677337667,0.677927667,0.678427333,0.678957333,0.679058333,0.679694,0.679771,0.680103,0.680062667,0.680600333,0.680836667,0.681040333,0.681595333,0.681735,0.681121333,0.681421667,0.680829,0.680489667,0.680552,0.680735333,0.680419333,0.680086,0.679246667,0.679017333,0.679281,0.679431,0.678414667,0.676497,0.674385333,0.671608,0.669128,0.666283333,0.662223333,0.658429333,0.653869,0.648574,0.642791667,0.636459,0.630214,0.62142,0.61362,0.606165667,0.602238333,0.598838,0.597242333,0.595798333,0.595467667,0.595669333,0.595935667,0.595030333,0.596122333,0.597743333,0.599223667,0.602674667,0.603281,0.607393,0.611548333,0.616804,0.620939333,0.624936,0.631229667,0.636622667,0.638314,0.641687,0.643267667,0.647250333,0.650199667,0.649086667,0.653982333
0.630328,0.602665,0.578745,0.5410435,0.4875825,0.426082,0.370527,0.3242665,0.2836275,0.257309,0.238191,0.22643,0.2189295,0.2157455,0.213089,0.2133405,0.21258,0.2135025,0.213599,0.21491,0.2154065,0.216639,0.21819,0.2197365,0.2223165,0.2255335,0.230495,0.23551,0.2414015,0.2464525,0.251312,0.254714,0.257837,0.259938,0.2620085,0.263238,0.26514,0.2666135,0.2683845,0.269967,0.2725265,0.274185,0.2768065,0.2795115,0.2833795,0.2888465,0.295552,0.3033275,0.312489,0.323244,0.334104,0.3458215,0.3577905,0.3693865,0.380639,0.3916345,0.401922,0.4110905,0.419289,0.426936,0.43299,0.4379985,0.4427595,0.4468435,0.4502325,0.4533245,0.4564205,0.4592115,0.4622995,0.4641955,0.466542,0.4683015,0.469624,0.4702355,0.470971,0.471728,0.4710755,0.4701495,0.469336,0.4683525,0.4670925,0.465782,0.4645775,0.4640585,0.463449,0.462914,0.462451,0.4623765,0.4624245,0.4623445,0.4616445,0.4608905,0.4592275,0.45739,0.4549975,0.4523045,0.450108,0.4483975,0.4468855,0.4465755,0.4465645,0.4468055,0.446595,0.444648,0.4408925,0.4350605,0.427812,0.4198115,0.4120645,0.406078,0.401974,0.397607,0.3912875,0.3816645,0.3702215,0.3581095,0.3471115,0.338915,0.333891,0.33234,0.3347635,0.343773,0.3623445,0.3907465,0.4251765,0.459927,0.4906785,0.516219,0.5373295,0.5544175,0.5681935,0.5801985,0.590709,0.6003015,0.6091195,0.617487,0.6249915,0.632457,0.6387905,0.6450285,0.650568,0.65542,0.6594915,0.663343,0.667144,0.6712815,0.674081,0.6771315,0.679243,0.6820775,0.6840865,0.6854295,0.6874885,0.689191,0.690815,0.692598,0.694125,0.6952735,0.696622,0.6979085,0.699457,0.7014365,0.7024965,0.703731,0.7051705,0.706185,0.7078745,0.7085745,0.710278,0.711248,0.712524,0.713077,0.7140445,0.714585,0.715631,0.7158155,0.7163015,0.716086,0.7162195,0.7156725,0.715486,0.716105,0.7160535,0.7165565,0.717063,0.7179065,0.7182995,0.718519,0.7196125,0.7194445,0.720061,0.720443,0.720834,0.7212435,0.7211215,0.722051,0.7218665,0.72289,0.7228845,0.723475,0.723409,0.7235245,0.7237035,0.722809,0.7230995,0.7227545,0.7230065,0.7230465,0.7237085,0.7235565,0.7229945,0.722963,0.72282,0.722496,0.721444,0.718718,0.717666,0.714907,0.71154,0.7080165,0.703959,0.699536,0.6945405,0.6895715,0.683034,0.677253,0.669422,0.6630105,0.6573855,0.652271,0.649758,0.648103,0.6479155,0.648029,0.6477405,0.6475905,0.6480935,0.6511095,0.6514415,0.653819,0.6559,0.6577855,0.6618845,0.6654895,0.6712355,0.6760365,0.6815335,0.6859985,0.689377,0.694879,0.698066,0.702403,0.703642,0.705559,0.7087115,0.7124455
0.599519,0.5668445,0.5467705,0.5010925,0.4491165,0.392897,0.338381,0.2910945,0.254022,0.2278375,0.209663,0.1997645,0.1913045,0.186738,0.1846075,0.1837075,0.18227,0.1823065,0.1812725,0.1820475,0.1815855,0.1813355,0.181805,0.1828675,0.185355,0.1882285,0.192461,0.1974885,0.202771,0.2074425,0.2112195,0.214499,0.2164915,0.218249,0.219752,0.220903,0.2222505,0.2234315,0.2245655,0.226803,0.2289205,0.230886,0.233145,0.235671,0.23937,0.244916,0.2512025,0.2593385,0.2686045,0.2790115,0.290168,0.302036,0.3143125,0.3261855,0.33772,0.3489485,0.3597615,0.369357,0.378247,0.38609,0.393029,0.39844,0.403625,0.407588,0.411259,0.414534,0.4178375,0.420897,0.4236685,0.426456,0.4289215,0.430885,0.431986,0.4328335,0.4338745,0.434134,0.433403,0.4323295,0.430895,0.429644,0.4281035,0.42695,0.4255685,0.4246505,0.4237475,0.4234035,0.422774,0.422804,0.422707,0.422771,0.4220165,0.420956,0.419345,0.4172885,0.4147225,0.4119965,0.409707,0.407798,0.406478,0.40604,0.4063795,0.4067505,0.4062335,0.403572,0.39896,0.391794,0.383273,0.3739905,0.3651655,0.3590845,0.3549935,0.3509305,0.344398,0.334764,0.323006,0.310809,0.300061,0.292549,0.2883545,0.28773,0.2915545,0.3023225,0.3232615,0.354258,0.391607,0.42952,0.46367,0.4924095,0.516532,0.536111,0.551959,0.56525,0.5770705,0.5879205,0.5974985,0.607234,0.6159335,0.623863,0.631132,0.6374765,0.6437795,0.6485965,0.653597,0.6579455,0.662135,0.666083,0.6694645,0.6727325,0.675039,0.677489,0.67911,0.680639,0.682754,0.684916,0.686116,0.6879795,0.6890915,0.6903825,0.691434,0.6930475,0.694574,0.695807,0.6974655,0.699472,0.70075,0.702108,0.703257,0.7044745,0.705552,0.707392,0.708231,0.7094155,0.7107045,0.711414,0.7126095,0.7132615,0.713479,0.712807,0.712928,0.7126595,0.713359,0.7130195,0.713686,0.713688,0.714631,0.7153025,0.7156535,0.715875,0.716333,0.7170005,0.7172005,0.7177605,0.7183395,0.718401,0.7186495,0.718772,0.7188255,0.7203955,0.7195275,0.720013,0.7203735,0.7196015,0.720552,0.719582,0.7188135,0.719199,0.7195625,0.718874,0.7191285,0.7189185,0.7192995,0.7187255,0.718457,0.7171485,0.7167765,0.714451,0.71205,0.7103735,0.706742,0.704178,0.699486,0.6958985,0.690361,0.6853335,0.6794045,0.6747355,0.6657965,0.658907,0.65206,0.6485325,0.645219,0.6435005,0.643861,0.642511,0.642964,0.643375,0.643551,0.6446415,0.644499,0.647791,0.6493635,0.6514775,0.6548805,0.659478,0.665608,0.6688395,0.6740465,0.6790215,0.6839205,0.6884175,0.690236,0.690892,0.694085,0.7001545,0.697798,0.704161
0.608584,0.59158,0.558319,0.523324,0.479239,0.42279,0.3745785,0.3320545,0.301058,0.279415,0.2662305,0.2567885,0.2503325,0.2481975,0.247508,0.24785,0.246259,0.2472695,0.247793,0.2481735,0.2493,0.248826,0.249308,0.251056,0.254716,0.2580835,0.263092,0.269634,0.2755765,0.281339,0.285335,0.288971,0.2911375,0.2926185,0.293731,0.2949935,0.2960575,0.2971615,0.2977175,0.299535,0.3021705,0.3040935,0.306215,0.3089785,0.312788,0.31809,0.3253305,0.3336565,0.3435015,0.3542965,0.366489,0.379196,0.391495,0.40487,0.4172675,0.429228,0.440785,0.4507765,0.460374,0.4679085,0.47459,0.4796345,0.4844705,0.488369,0.491531,0.494511,0.4968585,0.499024,0.5015445,0.5037815,0.5055015,0.5066815,0.507613,0.5076015,0.5070745,0.506397,0.5053805,0.503201,0.501095,0.498788,0.496541,0.4943885,0.492862,0.491206,0.489958,0.4887315,0.487761,0.4873355,0.487,0.486469,0.4856145,0.483775,0.4822285,0.479437,0.476683,0.4734835,0.471102,0.468833,0.467566,0.467011,0.466979,0.466734,0.4663375,0.463419,0.458648,0.451702,0.443162,0.4339885,0.4253865,0.4193105,0.4154575,0.411236,0.4046345,0.395184,0.3837395,0.3720325,0.36133,0.3537525,0.3498605,0.3487865,0.352473,0.362566,0.383016,0.4136535,0.4509335,0.4885805,0.522328,0.5508,0.5740405,0.592673,0.6082885,0.6212085,0.633507,0.6447385,0.6546375,0.663786,0.6733175,0.6816455,0.689109,0.695644,0.702547,0.7078395,0.7134665,0.7181135,0.7226485,0.72709,0.7307955,0.733908,0.7372795,0.739293,0.74214,0.744536,0.747104,0.749067,0.750872,0.752427,0.7539215,0.7556535,0.7572305,0.7588455,0.760715,0.7630415,0.7643715,0.765868,0.767644,0.7683335,0.7697345,0.771278,0.771999,0.773622,0.7755155,0.776367,0.7779615,0.7792525,0.779519,0.7804245,0.780813,0.780387,0.7807485,0.7797285,0.7801705,0.7801555,0.780527,0.7814305,0.781543,0.781374,0.7822105,0.7834335,0.7839875,0.7840715,0.784718,0.785751,0.7857405,0.7849725,0.785521,0.786408,0.7862215,0.7868605,0.787338,0.7870675,0.7872775,0.788271,0.7894245,0.7878585,0.7869665,0.7873215,0.787461,0.788056,0.7862215,0.7873255,0.7861975,0.7867115,0.7870655,0.7859865,0.7841935,0.781802,0.7798615,0.776121,0.774159,0.769793,0.7648175,0.760763,0.7545205,0.7482845,0.741892,0.7358935,0.727125,0.7166425,0.7113705,0.7072625,0.704081,0.701716,0.7018145,0.7009735,0.701865,0.7012605,0.700912,0.7041745,0.705123,0.7063365,0.708923,0.7117975,0.7136005,0.719155,0.724446,0.727369,0.733637,0.7395985,0.7454975,0.7449195,0.74851,0.7517165,0.7540275,0.7585195,0.7555205,0.7639815
0.667558,0.638674,0.605002,0.5656975,0.5049015,0.4384575,0.3719825,0.317243,0.2726155,0.240869,0.217361,0.2014315,0.1896605,0.1838785,0.178036,0.175339,0.171979,0.170613,0.1690525,0.168582,0.16803,0.167843,0.167798,0.168191,0.170159,0.1717965,0.174994,0.1784695,0.1824135,0.185882,0.1889195,0.1917965,0.1939935,0.195593,0.1969205,0.1984095,0.1996545,0.200837,0.2019505,0.203617,0.205357,0.2071645,0.209004,0.211326,0.2142845,0.218727,0.2246945,0.2313435,0.2392715,0.2480335,0.257937,0.268215,0.2787575,0.289408,0.299571,0.309759,0.3194145,0.3282185,0.3367065,0.343859,0.3499575,0.355411,0.3601445,0.3639245,0.367521,0.3709305,0.373477,0.3765815,0.379247,0.3817385,0.384167,0.386004,0.386929,0.387699,0.3880025,0.3881915,0.3877455,0.3863315,0.3851325,0.383631,0.382421,0.3811105,0.379836,0.379114,0.3781725,0.377533,0.377285,0.3772055,0.3774465,0.3771305,0.3765015,0.3753745,0.374202,0.371804,0.3693105,0.366663,0.3646085,0.362838,0.361775,0.361195,0.361104,0.3613795,0.3611835,0.3592825,0.3554055,0.350085,0.343401,0.33604,0.3289095,0.323854,0.3203965,0.3164625,0.310567,0.3021715,0.291886,0.281828,0.2728405,0.2667135,0.2633415,0.2628925,0.265976,0.27487,0.2919685,0.3175565,0.348554,0.3804355,0.41014,0.4363435,0.4585635,0.4770425,0.4926365,0.50576,0.517893,0.529169,0.5389785,0.548546,0.5575295,0.5663035,0.5740665,0.581139,0.5877015,0.5932765,0.5983495,0.602907,0.607554,0.6120455,0.6150975,0.6183425,0.6213335,0.623704,0.626004,0.6279995,0.6301335,0.631797,0.6335,0.6350965,0.6368265,0.638297,0.639549,0.6412705,0.643067,0.644507,0.645818,0.6476105,0.649029,0.650042,0.651719,0.6532125,0.653751,0.654643,0.6565095,0.6565505,0.657423,0.6590685,0.6595475,0.6598105,0.660487,0.6605325,0.660078,0.6596935,0.660105,0.6598395,0.6604895,0.660847,0.661715,0.661984,0.662647,0.6634495,0.663894,0.6643865,0.6648975,0.665493,0.665324,0.6660035,0.666048,0.6661915,0.666335,0.6671435,0.6672155,0.6676805,0.6679345,0.6682255,0.6688465,0.6680585,0.6675295,0.667623,0.6681635,0.6677445,0.6681045,0.668303,0.667429,0.6680145,0.6682145,0.6672675,0.6662765,0.663858,0.661387,0.658509,0.655166,0.6513475,0.647584,0.643684,0.6382885,0.633052,0.627042,0.621653,0.6134785,0.605473,0.5991365,0.5957645,0.5934785,0.5917215,0.591717,0.591311,0.5920395,0.591528,0.5922335,0.5955795,0.59583,0.5987595,0.601513,0.6054335,0.607468,0.6124475,0.619155,0.622637,0.628008,0.6356115,0.639111,0.6422795,0.6461085,0.6519055,0.655817,0.6571545,0.6569145,0.6647385
0.6174325,0.5911385,0.5666055,0.5184205,0.470461,0.4115595,0.3529555,0.304695,0.267623,0.2398765,0.222359,0.208659,0.2021825,0.197262,0.1947105,0.193642,0.1931545,0.192455,0.1932175,0.1936455,0.19472,0.194934,0.196334,0.1972,0.2001565,0.2029835,0.206949,0.211603,0.216696,0.220976,0.2244805,0.2279465,0.2304275,0.2328105,0.2348605,0.236718,0.2384555,0.240088,0.2413815,0.2429825,0.245475,0.24744,0.24949,0.252465,0.25632,0.2617465,0.268373,0.276125,0.2853245,0.2952505,0.305697,0.316522,0.327763,0.3385465,0.3487145,0.358407,0.3677515,0.37577,0.3832925,0.389792,0.3957425,0.400292,0.4049165,0.408833,0.411962,0.4154965,0.4183965,0.421243,0.424441,0.4267175,0.429346,0.43147,0.432855,0.4343285,0.435562,0.436208,0.4368465,0.436381,0.4365485,0.436224,0.4357585,0.4351695,0.4348525,0.4347505,0.4344135,0.434347,0.434261,0.434523,0.434814,0.4350365,0.4346935,0.4342985,0.43346,0.432467,0.430736,0.429095,0.4275065,0.4263275,0.4256675,0.425636,0.4258125,0.4262995,0.4262595,0.424471,0.4204185,0.4145375,0.407176,0.3990115,0.3913315,0.3857035,0.3825295,0.379652,0.3751915,0.367904,0.358743,0.348204,0.338687,0.3317245,0.327833,0.3275335,0.331365,0.341665,0.3613615,0.389785,0.42244,0.4540835,0.481194,0.5032765,0.52145,0.53606,0.54816,0.5587595,0.568189,0.5772815,0.5852595,0.5930485,0.600126,0.6072215,0.6135235,0.6188865,0.624309,0.628737,0.6329615,0.6371965,0.640715,0.6441915,0.6478725,0.6505625,0.652985,0.655044,0.657013,0.6589095,0.660539,0.6626185,0.6642,0.665887,0.667468,0.6684945,0.670329,0.671255,0.673319,0.67487,0.6762365,0.6777095,0.679372,0.6807645,0.681586,0.682923,0.6840895,0.685471,0.6868905,0.6881,0.6888195,0.689965,0.690268,0.690919,0.6918035,0.691873,0.6914485,0.69124,0.691438,0.6914595,0.6919915,0.692827,0.6927455,0.693516,0.694151,0.6946445,0.6953275,0.695948,0.6960145,0.6968345,0.697294,0.6975685,0.697792,0.698168,0.6985935,0.698535,0.6988135,0.69974,0.699626,0.699322,0.6997315,0.699015,0.69972,0.698873,0.699035,0.6996665,0.699214,0.698684,0.6994325,0.6995365,0.6997575,0.698409,0.6981365,0.696439,0.693631,0.692008,0.6901825,0.6865085,0.682999,0.678895,0.6745845,0.67075,0.6647945,0.660409,0.653211,0.646437,0.6402625,0.6373945,0.634016,0.6324725,0.631258,0.6306475,0.631468,0.6314845,0.6302305,0.634576,0.6347005,0.6372045,0.638402,0.6411565,0.643321,0.6497085,0.6559475,0.6585505,0.665466,0.6724845,0.6767665,0.6803305,0.6830065,0.685595,0.6895585,0.690906,0.6910495,0.701702
0.552377,0.528224,0.5064835,0.4755555,0.4240205,0.374226,0.3166075,0.2717995,0.2354115,0.2074745,0.187369,0.1757915,0.166923,0.1634765,0.1597805,0.1588705,0.1568415,0.157077,0.156881,0.1572555,0.1574125,0.1575285,0.15768,0.158339,0.1606545,0.1629565,0.166358,0.1702745,0.174642,0.1788695,0.1821735,0.1852705,0.187202,0.1888285,0.1900565,0.191416,0.1923865,0.193669,0.1950465,0.1970115,0.198818,0.200666,0.202628,0.204866,0.207902,0.212282,0.217861,0.2245675,0.2325275,0.2416855,0.2514465,0.261942,0.2727935,0.2839675,0.2949345,0.305604,0.315696,0.325073,0.333818,0.3418225,0.3484075,0.3543635,0.359735,0.3641175,0.3679145,0.3716275,0.374822,0.378085,0.381108,0.3842635,0.3869905,0.389356,0.3908365,0.3919685,0.3931445,0.39367,0.3933505,0.3925735,0.391333,0.390062,0.3888925,0.3878045,0.386948,0.3862375,0.3855905,0.3850925,0.3847305,0.3849495,0.385371,0.3854315,0.384981,0.38411,0.3831515,0.3811595,0.3787795,0.376137,0.373777,0.371917,0.3706755,0.3704305,0.3705165,0.3710305,0.370712,0.368708,0.364687,0.3586905,0.350862,0.342317,0.3341785,0.327833,0.3238785,0.320313,0.3147035,0.3060765,0.295329,0.2842635,0.274269,0.267009,0.26303,0.262483,0.2650535,0.2736565,0.290805,0.3178085,0.3521355,0.388338,0.4227395,0.452586,0.478053,0.499039,0.515882,0.530096,0.5428435,0.5541995,0.5646485,0.5745335,0.5833935,0.5919035,0.5996115,0.607056,0.6131015,0.61865,0.623835,0.6284135,0.632577,0.636756,0.6400975,0.643252,0.6460885,0.648574,0.650447,0.6527085,0.6546285,0.656401,0.6581505,0.6601585,0.6617415,0.663035,0.6641225,0.6655835,0.6677475,0.669503,0.670735,0.672518,0.673766,0.67534,0.676659,0.678135,0.679441,0.6804245,0.682351,0.6833745,0.6843185,0.6850875,0.6864,0.6868265,0.6873665,0.687647,0.687708,0.6876945,0.687938,0.68779,0.6881565,0.688079,0.689026,0.6895175,0.6903095,0.6903505,0.691435,0.691439,0.69155,0.692158,0.6926335,0.692922,0.6928475,0.6931965,0.69357,0.694531,0.694952,0.695288,0.6954785,0.694692,0.6952595,0.694104,0.6946035,0.69488,0.694802,0.6951685,0.6941415,0.693914,0.692805,0.6930975,0.693352,0.6929075,0.6901435,0.6890505,0.6872475,0.6841365,0.6812435,0.676694,0.673507,0.6691435,0.664097,0.658033,0.651265,0.644948,0.6375945,0.6289115,0.621815,0.61683,0.614104,0.6137475,0.6110655,0.611448,0.6114175,0.6111175,0.6091215,0.6109835,0.6124335,0.613324,0.6153185,0.618247,0.621473,0.624322,0.6283095,0.6306545,0.6357815,0.641274,0.6452025,0.647527,0.6496025,0.6522845,0.6549585,0.655937,0.656983,0.657919
0.6926085,0.6664785,0.6276855,0.581972,0.523693,0.4524295,0.3856955,0.329004,0.2843195,0.2532665,0.231371,0.2159465,0.2051835,0.1999835,0.1962615,0.1940645,0.192814,0.1925465,0.192078,0.1917115,0.1920155,0.1918585,0.1930045,0.1941305,0.1956725,0.1981705,0.201149,0.2052905,0.209761,0.2133855,0.216804,0.2199285,0.2221325,0.2239385,0.2256715,0.2272285,0.2283595,0.2297665,0.230767,0.2321685,0.2341695,0.235984,0.237569,0.2403435,0.243785,0.2485295,0.2547975,0.262027,0.2705025,0.2798355,0.290089,0.3010145,0.311772,0.3230715,0.333974,0.3443445,0.3540935,0.3631725,0.3715575,0.378467,0.384929,0.39015,0.3948465,0.399314,0.402676,0.4058125,0.408696,0.4117865,0.4150055,0.4170895,0.4193425,0.4214905,0.4231135,0.424223,0.4247375,0.4250725,0.4251475,0.4241765,0.423195,0.4223295,0.4213735,0.4204715,0.41936,0.4188295,0.4182885,0.417774,0.417191,0.4171665,0.417018,0.4171825,0.4167395,0.415762,0.414874,0.413364,0.411806,0.4095675,0.407827,0.4061525,0.4051205,0.404955,0.4052115,0.405511,0.4054055,0.403535,0.3994905,0.3934595,0.3855925,0.377062,0.3689155,0.362823,0.3593925,0.3564285,0.3519805,0.3448905,0.335874,0.3261525,0.3171715,0.310651,0.307475,0.3072455,0.3109245,0.32052,0.3384685,0.365262,0.39783,0.431034,0.4610325,0.4867685,0.507968,0.525475,0.540102,0.552076,0.563101,0.573682,0.58302,0.5921095,0.6006935,0.608635,0.615761,0.6224625,0.628717,0.634019,0.639686,0.643746,0.6479295,0.6521055,0.65561,0.659067,0.66172,0.6640395,0.666185,0.668297,0.670297,0.6722285,0.6743065,0.6757145,0.6775265,0.6787295,0.680884,0.6818915,0.683648,0.6852055,0.6870505,0.688606,0.69025,0.691515,0.6928395,0.6940275,0.6946955,0.6960805,0.697736,0.6989895,0.7002515,0.7009125,0.70176,0.7024325,0.7030745,0.7033965,0.703494,0.703306,0.7039705,0.704274,0.7048635,0.705612,0.706391,0.7059975,0.7071965,0.708028,0.7092255,0.709674,0.710853,0.711663,0.7120945,0.711811,0.7125785,0.7132645,0.7132125,0.713728,0.7142035,0.7151095,0.7152235,0.71594,0.716528,0.71645,0.71592,0.716391,0.7164855,0.7171865,0.7173155,0.7176505,0.717992,0.7192465,0.7194795,0.7190635,0.7178285,0.71714,0.715184,0.713656,0.7102295,0.707508,0.704594,0.7015785,0.6981075,0.6942255,0.690613,0.686592,0.6809725,0.6730585,0.667852,0.664134,0.6621015,0.659802,0.6610575,0.660328,0.662271,0.663046,0.6633165,0.666877,0.66896,0.6703945,0.6748885,0.679098,0.6837205,0.6891895,0.694658,0.699614,0.7056675,0.714078,0.717618,0.721624,0.7273805,0.7330815,0.7349415,0.739797,0.7430305,0.75071
0.662244667,0.633668333,0.600010333,0.560438333,0.502000333,0.436074667,0.370697667,0.318048333,0.274543333,0.244250667,0.222061,0.208405333,0.198171,0.193599,0.189975,0.188515333,0.186780333,0.187032667,0.186526,0.186627333,0.186993333,0.187090667,0.187765667,0.189009667,0.191124,0.19377,0.196920333,0.201211667,0.205808667,0.209872667,0.213537,0.216745,0.219094667,0.220892333,0.222377,0.224063,0.225206667,0.226341,0.227504667,0.229200333,0.231082,0.233061333,0.234958,0.237627,0.241125333,0.245936333,0.252493333,0.260004333,0.268806,0.278762333,0.289551333,0.301207,0.312847667,0.324927667,0.336717667,0.348269333,0.358983667,0.369034333,0.378261333,0.386390333,0.393429333,0.399463667,0.404868333,0.409575333,0.413409667,0.417091,0.420382667,0.423552333,0.427037667,0.429660667,0.432223333,0.434551667,0.436102333,0.437214667,0.438020667,0.438533333,0.438080667,0.437065,0.435778667,0.434610333,0.433356667,0.43222,0.430932,0.430325333,0.429587,0.428934333,0.428353667,0.428444667,0.428473667,0.42857,0.428110333,0.426964,0.425953,0.424164,0.422035333,0.419474333,0.417297,0.415468667,0.414240333,0.41401,0.414266667,0.414429333,0.414309667,0.412236333,0.407836667,0.401112,0.392537333,0.383274667,0.374328,0.367713,0.363833667,0.360521333,0.355351,0.347384333,0.337336667,0.326702667,0.317154333,0.310061667,0.306698667,0.306301,0.309889667,0.319640333,0.338151333,0.366395,0.401165333,0.437505667,0.471198,0.500335333,0.52473,0.544766,0.561090667,0.574485333,0.586730333,0.597798667,0.607749667,0.617188333,0.625996667,0.634120667,0.641704,0.648736,0.654775333,0.660037,0.665494,0.669531333,0.673657667,0.677949667,0.681239667,0.684427,0.687182667,0.689630667,0.691492667,0.693699333,0.695454667,0.697284,0.699180333,0.700840667,0.702588667,0.703725333,0.705263667,0.706418667,0.708371667,0.710046,0.711605333,0.713210667,0.71485,0.716100667,0.717546333,0.718706333,0.719733667,0.720935,0.722717333,0.723774667,0.724948667,0.725603667,0.726580333,0.727079,0.727840333,0.727991,0.728280667,0.727979333,0.728209,0.728232,0.728917,0.729007333,0.729775,0.729767667,0.730604333,0.731256333,0.732249,0.732518667,0.733297667,0.733923667,0.734531667,0.734330667,0.734457667,0.735165333,0.735255,0.736025667,0.736387,0.736718,0.736794667,0.737022,0.737398333,0.736846333,0.736092,0.737054,0.736895,0.737027667,0.736688,0.736928,0.736320333,0.736688,0.737478,0.736635,0.734656333,0.733663333,0.731463333,0.729045,0.725665,0.721453667,0.718134,0.714144333,0.709591333,0.70401,0.698452,0.693269,0.686639333,0.677999667,0.671674,0.666825,0.664643667,0.662001333,0.661581667,0.661412333,0.661983333,0.662200333,0.661436333,0.663603333,0.664960667,0.666502,0.669336667,0.672866667,0.676679667,0.680618333,0.685311333,0.689261333,0.693832333,0.700995,0.703809667,0.708103,0.712044,0.715566667,0.716777333,0.719871333,0.722512,0.726797
0.6047085,0.5753835,0.5476035,0.5017685,0.4599045,0.3950225,0.341318,0.292004,0.257575,0.230229,0.2128965,0.200431,0.193019,0.188496,0.186483,0.183906,0.1824555,0.1819675,0.1821085,0.1821925,0.1831815,0.1830085,0.1836125,0.1850035,0.1879715,0.190126,0.1937615,0.198424,0.2028805,0.207023,0.210313,0.2132925,0.2156125,0.2174375,0.2189645,0.220821,0.222274,0.223463,0.224355,0.226377,0.228429,0.2303105,0.232544,0.235254,0.2389145,0.244092,0.2511885,0.2588895,0.2678695,0.2780785,0.288942,0.3009425,0.312565,0.324678,0.336299,0.3478525,0.358735,0.3684915,0.377585,0.3856085,0.3924315,0.3980735,0.4033635,0.4078095,0.4115205,0.4151385,0.4182115,0.4212135,0.424479,0.427104,0.429718,0.431507,0.432928,0.4338535,0.434219,0.4341705,0.43361,0.4324755,0.4311405,0.4297335,0.4282615,0.4270025,0.4258135,0.425197,0.424321,0.423616,0.423223,0.423254,0.423362,0.423272,0.4228625,0.421485,0.420398,0.418532,0.416337,0.4139015,0.411916,0.410235,0.4093475,0.4092445,0.409501,0.40957,0.409248,0.4066175,0.401917,0.394917,0.38652,0.3775755,0.369246,0.363717,0.3604245,0.3569815,0.3516785,0.3437365,0.334017,0.323991,0.315237,0.3091465,0.306448,0.30648,0.31082,0.3212185,0.341111,0.369753,0.4040145,0.4386175,0.4704595,0.497915,0.520935,0.539727,0.5551735,0.5678495,0.5796985,0.5905655,0.599846,0.608605,0.617151,0.6247025,0.631629,0.6376925,0.643576,0.648166,0.652891,0.656917,0.6611165,0.6649695,0.668129,0.670663,0.673747,0.675356,0.6775045,0.679638,0.681831,0.683467,0.6849615,0.686477,0.687756,0.6891395,0.690747,0.6918605,0.6937705,0.695634,0.6972265,0.698846,0.7002085,0.701556,0.702679,0.7038,0.7048065,0.7065725,0.7081155,0.7085875,0.7103535,0.711522,0.71164,0.7122095,0.7129385,0.712789,0.712598,0.7120905,0.712273,0.7122265,0.7125975,0.713428,0.71352,0.713639,0.714582,0.7155145,0.7159635,0.7159875,0.716247,0.717363,0.717282,0.7170075,0.717376,0.7179665,0.71822,0.718513,0.718431,0.7181885,0.7182475,0.7188445,0.7200305,0.7181655,0.717578,0.718355,0.7184645,0.7183145,0.7174035,0.7174,0.716906,0.716736,0.7178285,0.7162065,0.7149535,0.7122365,0.710018,0.7074785,0.704574,0.700547,0.6958345,0.6913755,0.6859585,0.6804935,0.673742,0.6681895,0.6604625,0.65133,0.6449175,0.641955,0.6391305,0.6375205,0.636804,0.6353165,0.635809,0.6362605,0.6353395,0.6386095,0.639517,0.6413275,0.644942,0.646524,0.64888,0.655183,0.6609975,0.6643135,0.670468,0.676731,0.681981,0.683496,0.687895,0.6899205,0.6927195,0.6961325,0.693767,0.7030885
0.765148,0.7348935,0.6878075,0.64337,0.5735735,0.493202,0.4189205,0.3604825,0.3111825,0.2779565,0.252065,0.2357425,0.2213135,0.2154305,0.2087325,0.205398,0.200518,0.1985485,0.195984,0.1943245,0.1929315,0.191676,0.190546,0.190431,0.192631,0.1947285,0.197618,0.2017225,0.206302,0.2097705,0.2131645,0.215542,0.2173735,0.218588,0.2192355,0.220458,0.2211155,0.221791,0.222732,0.224463,0.2262165,0.2277955,0.2293505,0.2317425,0.2346605,0.239261,0.245101,0.2520205,0.2599495,0.26881,0.278605,0.2892755,0.299571,0.3107255,0.321232,0.3313505,0.341099,0.34972,0.357931,0.3647695,0.3707015,0.375414,0.379753,0.3834045,0.3862495,0.3892625,0.3915395,0.394049,0.3964655,0.3985085,0.4003555,0.4013615,0.4023705,0.4026625,0.4026075,0.402216,0.4011675,0.3995025,0.3978735,0.3959155,0.3940965,0.3925055,0.390825,0.389837,0.388658,0.3877865,0.3871595,0.3869365,0.3866645,0.38609,0.385429,0.3838335,0.3823955,0.3801525,0.3775195,0.3747635,0.3724225,0.3705495,0.369367,0.3689695,0.3687455,0.3686135,0.368444,0.366222,0.3620905,0.356494,0.349597,0.3419825,0.3347385,0.329655,0.325957,0.3220605,0.315871,0.306946,0.2964585,0.2862235,0.2771065,0.2704965,0.267037,0.2664875,0.269656,0.2785265,0.296533,0.323646,0.355605,0.388392,0.4185095,0.4448435,0.4671525,0.4860305,0.501757,0.515507,0.528316,0.540473,0.5512875,0.5615195,0.571282,0.580869,0.5889565,0.596552,0.603889,0.6095135,0.6155745,0.6206755,0.625462,0.630294,0.6336415,0.6373095,0.641143,0.643208,0.64583,0.6480475,0.650387,0.652065,0.6538365,0.655555,0.6572025,0.6589145,0.660649,0.6620075,0.663615,0.665376,0.6669025,0.668955,0.670334,0.671587,0.672946,0.6744385,0.6750175,0.6769185,0.6777325,0.6785615,0.6796795,0.6807525,0.6814515,0.681693,0.6828885,0.6822565,0.681958,0.6820335,0.6825615,0.682308,0.6833845,0.683755,0.684317,0.6851605,0.6860385,0.686653,0.6872195,0.6879085,0.6883985,0.6897855,0.689543,0.689889,0.6907825,0.6910665,0.6910305,0.691964,0.69145,0.692195,0.6929685,0.693161,0.693845,0.6931575,0.6926675,0.693122,0.693035,0.6940215,0.694129,0.694816,0.6951865,0.695636,0.696077,0.6956235,0.694936,0.6924525,0.6901255,0.6877595,0.684807,0.682668,0.6787475,0.6758985,0.6711285,0.6668785,0.6617915,0.6576035,0.6511065,0.6441945,0.6393035,0.635188,0.6341475,0.631207,0.632073,0.632734,0.635006,0.6371425,0.638001,0.642985,0.6443405,0.6468985,0.6512595,0.654535,0.6596665,0.667134,0.6755885,0.6802565,0.6874845,0.695949,0.702621,0.7073685,0.7110865,0.7145145,0.72174,0.725951,0.728798,0.741993
0.7026975,0.660426,0.6323215,0.58542,0.5182165,0.451509,0.384581,0.3295865,0.2862975,0.2569505,0.2349665,0.220705,0.2105775,0.206799,0.203219,0.201684,0.199741,0.1999445,0.199689,0.200133,0.2002675,0.200228,0.201101,0.202254,0.2053675,0.208592,0.212125,0.2168005,0.222216,0.2262135,0.23093,0.234526,0.237506,0.239973,0.242474,0.2444775,0.2464865,0.2481305,0.2499235,0.2516805,0.254126,0.255714,0.258432,0.2615205,0.265869,0.271589,0.27894,0.2873715,0.2973705,0.307851,0.3195355,0.331655,0.3437595,0.355856,0.367677,0.37852,0.388744,0.3977685,0.406351,0.4136415,0.420218,0.4256155,0.4305755,0.4349055,0.4384065,0.4421025,0.4451065,0.4482755,0.4512625,0.4539625,0.456497,0.4582715,0.459828,0.4610105,0.4621915,0.4629015,0.4629285,0.4625345,0.4619165,0.4611705,0.4604275,0.459608,0.4586535,0.45864,0.4581715,0.457894,0.4577225,0.458126,0.458234,0.4583065,0.4580695,0.457231,0.4563175,0.454724,0.4526235,0.4505655,0.4484485,0.4470985,0.44635,0.4461595,0.4463515,0.4467145,0.4468235,0.4451655,0.4412815,0.435711,0.4284095,0.420069,0.4121805,0.406442,0.4027335,0.399503,0.393731,0.384996,0.3743235,0.363164,0.3532905,0.346168,0.3423515,0.342075,0.3459125,0.35672,0.3768835,0.406192,0.4394055,0.4722305,0.5011335,0.5250105,0.5446505,0.560605,0.573705,0.5850275,0.595341,0.6046385,0.613045,0.6211055,0.6284345,0.635494,0.6420195,0.6481155,0.653372,0.65753,0.6621805,0.665762,0.6691565,0.673014,0.675593,0.678725,0.6816755,0.6832525,0.685218,0.6870485,0.6887475,0.69002,0.6915265,0.6932895,0.694671,0.6959085,0.6969425,0.6979695,0.69972,0.701302,0.7026535,0.704252,0.705484,0.707253,0.70819,0.7091705,0.710072,0.7114615,0.712626,0.7131205,0.7138535,0.714143,0.715238,0.7156655,0.716557,0.715971,0.715376,0.7153685,0.715443,0.7157495,0.7157825,0.715818,0.71626,0.717329,0.717393,0.7177265,0.7183125,0.7190185,0.718821,0.719515,0.719648,0.7198495,0.720364,0.7200155,0.719846,0.7206515,0.7207335,0.7206645,0.720864,0.7201345,0.719986,0.719882,0.7190245,0.719725,0.719065,0.7189355,0.7185165,0.7191455,0.7184405,0.718873,0.718458,0.7171895,0.71655,0.713777,0.711809,0.7092455,0.7058415,0.7024075,0.698275,0.695428,0.690973,0.6848745,0.67936,0.67338,0.6667895,0.6606515,0.6537655,0.6488845,0.6465015,0.643903,0.642514,0.642652,0.644269,0.6445705,0.6447095,0.6471165,0.647793,0.6491715,0.651868,0.65563,0.658192,0.6641545,0.668624,0.6737795,0.678902,0.687005,0.6882075,0.694037,0.695282,0.695641,0.7015725,0.7032685,0.7048465,0.713591
0.668432,0.641707,0.6109025,0.568129,0.5177175,0.455477,0.4022585,0.3520345,0.318175,0.2952025,0.2800195,0.2714275,0.266037,0.2647145,0.2653635,0.266777,0.2677855,0.2703665,0.2726175,0.2756825,0.278961,0.2812035,0.285231,0.2879895,0.292111,0.2965315,0.301879,0.308262,0.314254,0.3196345,0.3245525,0.3287945,0.332491,0.3354745,0.338464,0.341344,0.3442535,0.346587,0.3484195,0.3508865,0.353613,0.35581,0.3585715,0.3618905,0.366045,0.371469,0.378264,0.386073,0.3950595,0.404837,0.415323,0.426284,0.436714,0.4474685,0.4575745,0.467594,0.476899,0.4847655,0.492276,0.4989575,0.5046025,0.5092625,0.513948,0.517954,0.52147,0.524834,0.527929,0.531071,0.5343105,0.536579,0.5390045,0.541048,0.5427065,0.543678,0.5448905,0.5460205,0.5465475,0.5466885,0.546785,0.5466035,0.546797,0.5464,0.546109,0.546244,0.546619,0.5466025,0.546649,0.5473645,0.5478775,0.5484105,0.5481175,0.547682,0.5470445,0.545854,0.544443,0.542768,0.5415665,0.5405865,0.539966,0.540038,0.540575,0.540874,0.541068,0.5397115,0.537328,0.5335285,0.528082,0.522497,0.5165805,0.512641,0.5097565,0.5064695,0.5013595,0.494178,0.48531,0.4759615,0.46755,0.461297,0.4582005,0.4574845,0.4603255,0.468578,0.484596,0.5078195,0.535663,0.5625835,0.5859505,0.605956,0.6221155,0.6349495,0.6459975,0.655415,0.664268,0.6726695,0.6800235,0.687138,0.6939315,0.700109,0.7059075,0.710921,0.7159225,0.719771,0.724065,0.7276725,0.7308295,0.734596,0.7376385,0.7403085,0.7432855,0.745091,0.7473115,0.749308,0.7517385,0.7535965,0.755262,0.75692,0.758045,0.75972,0.7608705,0.762431,0.7643435,0.765977,0.7674545,0.7686085,0.7702065,0.7712025,0.7721455,0.773305,0.7742715,0.775597,0.7771685,0.77829,0.779267,0.780611,0.7808775,0.7814265,0.7818175,0.781211,0.781569,0.7808585,0.7811835,0.780846,0.7814385,0.7822885,0.782079,0.7824145,0.782717,0.7837485,0.784453,0.7843175,0.784529,0.785484,0.785738,0.785243,0.7857115,0.7861285,0.78559,0.786728,0.787229,0.7871035,0.786711,0.7874455,0.7874485,0.78682,0.7858135,0.785937,0.7858955,0.786103,0.784992,0.7856685,0.7842945,0.785122,0.78432,0.783067,0.781292,0.7795295,0.7775225,0.7736555,0.7711455,0.767018,0.762443,0.7578805,0.75235,0.74581,0.739802,0.7326745,0.7238675,0.715796,0.708694,0.7048195,0.7023555,0.6997205,0.699293,0.698859,0.699044,0.6986025,0.698935,0.7008535,0.7027325,0.7036085,0.706617,0.7085725,0.7104825,0.7149125,0.7203635,0.724684,0.73057,0.7342735,0.739363,0.7421595,0.7461705,0.7484055,0.7521645,0.753301,0.7547475,0.76019
0.633965,0.6034295,0.583631,0.54064,0.495178,0.44155,0.390244,0.3462085,0.317144,0.294732,0.2815125,0.2757085,0.2733865,0.274736,0.277298,0.280615,0.285085,0.2895755,0.2950985,0.300573,0.3060205,0.3106705,0.316809,0.321109,0.326369,0.331446,0.3371835,0.3429865,0.34913,0.3539865,0.3594195,0.364225,0.368701,0.3728525,0.377217,0.3809675,0.3852075,0.388279,0.391159,0.393799,0.3969015,0.3993055,0.4026305,0.4061595,0.4105625,0.4158175,0.421709,0.428294,0.435493,0.443029,0.4507025,0.4581845,0.465506,0.4724535,0.479085,0.4856055,0.491447,0.496333,0.5010625,0.506179,0.5099345,0.51364,0.517686,0.521155,0.524607,0.5279845,0.531342,0.5348075,0.5376705,0.540273,0.5431085,0.5456305,0.547908,0.5496365,0.5522565,0.554634,0.556626,0.5587835,0.560617,0.5625175,0.564274,0.5656455,0.5668575,0.568367,0.5698185,0.571116,0.571989,0.5736875,0.5750305,0.5761935,0.576473,0.577255,0.57767,0.577914,0.578187,0.578041,0.578111,0.5781055,0.5783725,0.5792885,0.580127,0.580998,0.5818405,0.581764,0.5814025,0.5802185,0.5778725,0.575544,0.57282,0.5709595,0.5693905,0.568019,0.565362,0.561338,0.555994,0.549777,0.544237,0.539662,0.537789,0.5380975,0.5404095,0.5470825,0.5585645,0.5747295,0.5924655,0.6082025,0.6211595,0.6321335,0.6412905,0.648827,0.6557425,0.662426,0.668934,0.675388,0.681612,0.687465,0.692728,0.698353,0.703239,0.708175,0.712248,0.7157845,0.7193985,0.722697,0.725938,0.729471,0.7323605,0.7352015,0.738065,0.740158,0.7423125,0.744354,0.7467395,0.7485205,0.7500115,0.752361,0.753596,0.7555155,0.7563665,0.758052,0.760193,0.7611175,0.763234,0.7644585,0.765685,0.7671985,0.7679365,0.7694665,0.7707255,0.771864,0.773407,0.7746305,0.774907,0.7762025,0.7771315,0.7771735,0.777549,0.777503,0.7773805,0.777453,0.7774275,0.7770875,0.777287,0.7779495,0.7781985,0.779298,0.7794735,0.7799205,0.7806535,0.7803645,0.780842,0.7812405,0.781258,0.7818885,0.7818895,0.7820815,0.7818075,0.7827785,0.783274,0.783704,0.783358,0.7830835,0.783062,0.7824765,0.7825295,0.7824745,0.782238,0.7824395,0.781636,0.7817525,0.780869,0.7810915,0.780179,0.7789055,0.7768935,0.7751715,0.773386,0.7693745,0.7666015,0.762452,0.758131,0.7529505,0.748033,0.741448,0.734785,0.726703,0.718001,0.710205,0.7021995,0.697456,0.6949685,0.6945665,0.6923855,0.692656,0.691495,0.690779,0.691115,0.6921065,0.6944625,0.695069,0.6984905,0.699038,0.7022655,0.704626,0.709627,0.7142995,0.717733,0.721845,0.7242305,0.7282235,0.730732,0.733362,0.7380965,0.734647,0.738251,0.739046
0.6342325,0.5989795,0.579892,0.533928,0.4870485,0.429502,0.3780185,0.3296125,0.298142,0.2754225,0.2595635,0.25008,0.2458215,0.2440135,0.2443345,0.246107,0.247011,0.249379,0.2517535,0.2544835,0.257382,0.259861,0.2642245,0.266341,0.2699175,0.2740195,0.2792215,0.2847595,0.290513,0.2953495,0.300309,0.304649,0.308235,0.311306,0.3145045,0.3170615,0.3200945,0.3223115,0.324503,0.3268065,0.329385,0.331552,0.33435,0.337577,0.3417235,0.346895,0.353525,0.360848,0.3695375,0.3786945,0.388483,0.398516,0.40839,0.418209,0.427791,0.4368645,0.445632,0.452903,0.459817,0.466482,0.4719515,0.4768765,0.4811765,0.485171,0.4888905,0.492383,0.4956225,0.4990745,0.5022075,0.504646,0.507276,0.5096045,0.5113995,0.512752,0.514446,0.5159965,0.5168435,0.517719,0.518227,0.518546,0.5192195,0.519297,0.519053,0.5194815,0.519888,0.520201,0.520498,0.5213865,0.5218105,0.522575,0.522594,0.5226925,0.5222965,0.521568,0.5203825,0.5190945,0.5180375,0.5173295,0.5167295,0.5169755,0.517338,0.5178725,0.518223,0.517364,0.515004,0.5116845,0.5065925,0.501283,0.495652,0.4916815,0.488881,0.486275,0.481995,0.475687,0.4676445,0.4586165,0.450772,0.4445225,0.4413035,0.4408135,0.443154,0.450866,0.46558,0.4871975,0.5130755,0.5382,0.5601155,0.5787925,0.594449,0.6066615,0.617109,0.626227,0.6347755,0.6425015,0.6497565,0.6567535,0.6628005,0.6691625,0.6749165,0.680039,0.6846315,0.688573,0.6923155,0.6958535,0.698904,0.7024525,0.705494,0.708001,0.7106385,0.7125595,0.714992,0.7162255,0.7184165,0.7202745,0.722083,0.7236295,0.724629,0.726231,0.7273495,0.7288785,0.7306145,0.7318515,0.733515,0.7344845,0.736108,0.737194,0.738054,0.739265,0.7405415,0.741959,0.742788,0.744616,0.744968,0.7457735,0.7464685,0.746695,0.7472995,0.7467945,0.746838,0.746569,0.7461275,0.745992,0.746266,0.746547,0.7467945,0.7473955,0.747321,0.747872,0.748796,0.7486385,0.748652,0.748979,0.7498005,0.749709,0.74985,0.7499365,0.749644,0.7503725,0.7509865,0.750843,0.750666,0.750576,0.750334,0.7500905,0.7492465,0.7492335,0.74913,0.7485375,0.748545,0.7483155,0.7470095,0.747742,0.746057,0.7450855,0.743756,0.74146,0.739167,0.73546,0.731554,0.7276635,0.7231815,0.718117,0.7120995,0.7057685,0.6996345,0.691506,0.682595,0.674306,0.666042,0.660653,0.6588875,0.6569845,0.655154,0.6558345,0.653855,0.6542145,0.6548495,0.6552425,0.6571265,0.658768,0.661238,0.6621525,0.665382,0.668642,0.6728305,0.6793115,0.6837905,0.686686,0.6904105,0.6931055,0.6980935,0.69953,0.703482,0.703919,0.704476,0.708914
0.567295,0.5235165,0.517421,0.467463,0.42737,0.3644975,0.316562,0.267728,0.2344225,0.205973,0.1900635,0.177018,0.170772,0.166947,0.1651735,0.1640705,0.1636975,0.1633245,0.163919,0.1642255,0.1645275,0.165004,0.166906,0.167748,0.1700505,0.1726475,0.176951,0.181273,0.1865815,0.190789,0.194988,0.198451,0.2008055,0.2030115,0.204759,0.206546,0.207917,0.20914,0.2107155,0.212401,0.214417,0.2160845,0.2185155,0.2214565,0.225043,0.2302945,0.2369235,0.24405,0.252942,0.2623985,0.272784,0.283392,0.2943515,0.3052155,0.3154035,0.3250815,0.3344365,0.3429035,0.350598,0.3573975,0.36332,0.368385,0.3728365,0.376916,0.380272,0.383472,0.386505,0.389467,0.3924835,0.394711,0.39704,0.399041,0.400148,0.4012155,0.402191,0.403124,0.403156,0.40256,0.402203,0.401446,0.4009075,0.40011,0.3992475,0.3990055,0.3985795,0.398199,0.3979005,0.3983195,0.398551,0.398563,0.3982435,0.3975545,0.396868,0.3952875,0.3931885,0.3909845,0.3893245,0.3878025,0.3871115,0.3866435,0.3867105,0.387078,0.386958,0.385194,0.3814835,0.375888,0.3689905,0.361402,0.3539595,0.3485535,0.345168,0.3418835,0.336424,0.3282885,0.3179605,0.3069755,0.296949,0.289491,0.2850505,0.284268,0.2869565,0.296057,0.314417,0.341541,0.373946,0.4057425,0.434045,0.457635,0.4767485,0.4922165,0.5050825,0.5160665,0.5257085,0.5344755,0.5421555,0.549634,0.5565205,0.562974,0.5690545,0.5749055,0.5795315,0.583726,0.5871965,0.5907525,0.593953,0.597212,0.599796,0.60215,0.604261,0.6062915,0.6079075,0.608907,0.610619,0.6118235,0.6131785,0.614329,0.615797,0.616672,0.617539,0.6186775,0.620441,0.6211865,0.6223245,0.623653,0.6246855,0.6259885,0.6272295,0.6280575,0.6287235,0.6295225,0.630969,0.6312425,0.631654,0.6326645,0.633089,0.6334795,0.633862,0.6338485,0.6335455,0.6333625,0.6332855,0.6327665,0.633179,0.632805,0.6335995,0.6341215,0.6341615,0.634488,0.6350165,0.6355295,0.6358905,0.6358665,0.6359115,0.6359975,0.635956,0.6356045,0.6359615,0.636633,0.636841,0.636982,0.637763,0.637157,0.6373,0.636559,0.6363995,0.6364425,0.6362255,0.6357235,0.636002,0.6360395,0.634907,0.6353215,0.6352395,0.6334745,0.632226,0.630756,0.6283335,0.6254925,0.622664,0.6197735,0.616522,0.61301,0.6078745,0.603575,0.5983805,0.5924705,0.5853835,0.5785665,0.5727705,0.5687265,0.566617,0.5654555,0.5645045,0.5642875,0.5640785,0.5640005,0.5641485,0.5658005,0.566902,0.569222,0.571648,0.5738375,0.57608,0.580039,0.5836205,0.58937,0.5919955,0.5993325,0.6007665,0.6054975,0.608839,0.610282,0.6133615,0.6176115,0.616816,0.6232935
